Date,Source,Pays,Pathogène,Etiquette,Description,Référence
6/14/23,Promedmail,Democratic Republic of the Congo,Peste bubonique,Alerte Elevée,"La zone de santé de Logo, adjacente à la zone de santé de Réthy, a rapporté 3 cas depuis le 24 mai 2023 ; la dernière notification de la maladie dans cette zone remonte à plus de 10 ans.Des mortalités fréquentes de rats ont été signalées en 2022 et également en 2023. Depuis janvier 2022, la zone de santé de Rethy, hotspot de la peste bubonique en Afrique continentale, située dans le territoire de Djugu, province de l'Ituri, RD Congo, continue de rapporter des cas suspects de peste bubonique. Certains ont été confirmés au laboratoire de l'INRB (suite à des TDR positifs sur le terrain).",https://promedmail.org/promed-post/?id=8710594 
6/13/23,Promedmail,La Réunion,Leptospirose,Alerte Moyenne,Un taux soutenu de cas de leptospirose (12 cas la semaine dernière) est à l'origine d'une activité hospitalière soutenue. Cette incidence marquée de la leptospirose à cette période de l'année semble liée à la baisse tardive des températures et aux pluies récentes.,https://www.linfo.re/la-reunion/sante/sante-progression-des-epidemies-de-grippe-et-leptospirose-a-la-reunion
6/8/23,WHO,Equatorial Guinea,Virus de Marbourg,Alerte Faible,"Fin de l'épidémie : Le 8 juin 2023, après deux périodes d'incubation consécutives (42 jours) sans nouveau cas confirmé, le ministère de la Santé de la Guinée équatoriale a déclaré la fin de l'épidémie de maladie à virus de Marburg (MVD), conformément aux recommandations de l'OMS. Au total, 17 cas confirmés et 23 cas probables ont été signalés depuis le 13 février dans cinq districts de quatre provinces ; 12 des 17 cas confirmés sont décédés et tous les cas probables ont été signalés comme des décès.",https://www.who.int/emergencies/disease-outbreak-news/item/2023-DON472 
6/4/23,Mes vaccins.net,Ghana,Charbon,Alerte Elevée,"Au Ghana, les autorités sanitaires signalent une épidémie de charbon dans le district de Binduri, dans la région de l'Upper East.Une personne serait décédée et 11 autres auraient été infectées par la maladie du charbon après avoir consommé des carcasses de bovins morts. Au total, quatre bovins sont morts dans la communauté concernée.",https://outbreaknewstoday.com/ghana-officials-report-suspected-anthrax-outbreak-in-binduri-district-60402/ 
6/3/23,Promedmail,South Africa,Choléra,Alerte Moyenne,"L'épidémie actuelle de choléra, a déclaré le ministre, remonte aux deux premiers cas signalés dans la province de Gauteng en février de cette année. Il s’agissait de deux sœurs de Diepsloot, à Johannesburg , qui se sont rendues ensemble en bus au Malawi en janvier et en sont revenues le 30 janvier 2023. Le mari de l'une des femmes a également été testé positif au choléra après avoir développé des symptômes, tandis que huit autres cas ont été confirmés, entraînant la mort d'un enfant à Ekhuruleni .

Dans le bulletin hebdomadaire publiée le 21 mai 2023 par la Région Afrique de l’OMS, il était précisé que la province de Gauteng n'avait pas signalé de nouveaux cas de choléra au cours des quatre dernières semaines, et qu’au 5 mai 2023, un total de 11 cas de choléra, dont un décès, ont été signalés à Johannesburg (8) et Ekurhuleni (3).  

La situation s’est dégradée au cours du mois de mai. Dans sa communication du 31 mai, le ministre de la santé fait le bilan suivant :

Un important foyer de choléra s’est développé dans la Municipalité métropolitaine de la ville de Tshwane, État de Gauteng, qui est considérée comme l’épicentre actuel de l’épidémie. Quatre-vingt dis-neuf cas ont été confirmés, dont sept au cours des dernières 24 heures. Parmi les nouvelles infections, trois patients sont traités à l'hôpital Jubilee, tandis que les autres sont répartis entre les hôpitaux Military, Eugene Marais Life, Netcare Montana et Odi.",https://www.sanews.gov.za/south-africa/hammanskraal-cholera-cases-drop-source-remains-elusive 
6/2/23,Promedmail,South Africa,Rage,Alerte Moyenne,"Dans le cadre du suivi de la situation de la rage humaine en Afrique du Sud en 2023, l'Institut national des maladies transmissibles (NICD) rapporte que 3 cas de rage humaine ont été confirmés dans les provinces du KwaZulu-Natal (KZN) et du Cap oriental (EC) collectivement entre le 25 mars et le 24 avril 2023.

Cela porte à 5 le nombre total de cas confirmés en 2023. Ces cas ont été signalés dans les provinces de l'EC (n=2), du KZN (n=2) et du Limpopo (LPP) (n=1). Ces chiffres sont à comparer aux 7 cas de rage humaine (EC=5, KZN=1, LPP=1) qui ont été rapportés pour la même période l'année dernière [2022] dans les mêmes provinces.",https://outbreaknewstoday.com/south-africa-reports-3-additional-human-rabies-cases-in-past-month-95008/ 
6/2/23,WHO,United Republic of Tanzania,Virus de Marbourg,Alerte Faible,"Fin de l'épidémie : Le 2 juin 2023, le ministère de la santé de la République-Unie de Tanzanie a déclaré la fin de la première épidémie documentée de maladie à virus de Marburg (MVD). Entre le 21 mars et le 31 mai, neuf cas au total (huit confirmés en laboratoire et un probable) ont été signalés. Tous les cas ont été signalés dans le district de Bukoba, dans la région de Kagera. Au total, six décès (taux de létalité de 67 %) ont été signalés au cours de l'épidémie.",https://www.who.int/emergencies/disease-outbreak-news/item/2023-DON471 
5/30/23,Promedmail,Ivory Coast,Fièvre jaune,Alerte Faible,"1 cas: Le patient est un homme de 35 ans originaire de Cocody-Bengerville à Abidjan. Son statut vaccinal vis-à-vis de la fièvre jaune est inconnu. La date de début de la maladie est le 4 avril 2023, et l'échantillon a été prélevé le 6 avril 2023.", https://outbreaknewstoday.com/yellow-fever-case-confirmed-in-cote-divoire-40853/    
5/29/23,Promedmail,Senegal,Fièvre de Crimée et Congo,Alerte Faible,"Le cas enregistré dans ce département de la région de Louga (nord) est le 2ème après un premier cas détecté le [12 avr 2023]. La personne infectée, un boucher, est décédée au centre hospitalier national universitaire Dalal Jam de Guédiawaye, dans la grande banlieue de Dakar, où elle avait été admise pour être soignée.",https://aps.sn/fievre-de-crimee-congo-un-nouveau-cas-detecte-a-linguere/ 
5/29/23,Mes vaccins.net,South Africa,Oreillons,Alerte Faible,"En Afrique du Sud, dans le cadre du suivi de l'épidémie d'oreillons, l'Institut national sud-africain des maladies transmissibles (NICD), rapporte de la semaine épidémiologique 01 en 2023 (se terminant le 7 janvier 2023) à la semaine 17 2023 (se terminant le 26 avril 2023), 1 702 résultats de tests étaient disponibles, dont 580 positifs pour les oreillons provenant de huit provinces : Eastern Cape (9 (2 %)), Free State (40 (7 %)), Gauteng (64 (11 %)), KwaZulu-Natal (280 (48 %)), Limpopo (11 (2 %)), Mpumalanga (97 (17 %)), North West (57 (10 %)) et Western Cape (22 (4 %)).

Le plus grand nombre de tests positifs pour les oreillons se trouve dans le groupe des 5-9 ans (335 (58%)), suivi par le groupe des 1-4 ans (158 (27%)).",https://www.nicd.ac.za/confirmation-of-mumps-outbreak-south-africa-11-may-2023/ 
5/23/23,Promedmail,Kenya,Charbon,Alerte Elevée,"L'Organisation mondiale de la Santé signale une épidémie de fièvre charbonneuse dans le comté de Muranga, dans le centre du Kenya. Depuis le [10 avril 2023], un total de 15 cas et trois décès (létalité de 20 %) ont été signalés dans 5 sous-comtés : Gatanga (1), Kandara (5, dont 2 décès), Kigumo (7, dont 1 décès), Maragwa (1) et Mathioya (1).",https://outbreaknewstoday.com/kenya-anthrax-outbreak-reported-in-muranga-county-16720/
5/16/23,Promedmail,United Republic of Tanzania,Rougeole,Alerte Faible,"Les perturbations des services et de la chaîne d'approvisionnement, le détournement des ressources vers les efforts de réponse et les controverses sur les vaccins COVID-19 ont entraîné une baisse importante de la couverture systématique dans le pays, laissant les populations vulnérables à des maladies évitables telles que la rougeole. Mme Lotalis Gadau, chargée de programme au ministère de la santé, a déclaré qu'entre juin 2022 et le 3 mai 2023, il y a eu au moins 3923 cas confirmés.",https://www.thecitizen.co.tz/tanzania/news/national/why-measles-cases-spiked-in-tanzania-in-the-past-year-4229886 
5/5/23,WHO,South Sudan,Hépatite E,Alerte Moyenne,"Entre le 23 mars 2023 et le 13 avril 2023, un total de 91 cas suspects de VHE ont été signalés à Wau, dont 35 sont confirmés ; cinq décès ont été signalés (taux de létalité [CFR] 5,5 %). Il existe un risque de propagation internationale de la maladie, le Sud-Soudan ayant des frontières communes avec le Soudan et l'Éthiopie, avec un trafic important entre ces deux pays. La situation est encore aggravée par la grande mobilité des personnes déplacées et des réfugiés, principalement originaires du comté de Rubkona, dans l'État de l'Unité, où se trouve le camp de personnes déplacées de Bentiu.",https://www.who.int/emergencies/disease-outbreak-news/item/2023-DON466 
5/4/23,WHO,Ethiopia,Rougeole,Alerte Moyenne,"La rougeole est endémique en Éthiopie, avec des cas signalés chaque année.  Entre le 12 août 2021 et le 1er mai 2023, 16 814 cas de rougeole confirmés en laboratoire et 182 décès - avec un taux de létalité de 1,1 % - ont été signalés au niveau national. La faible immunité de la population, combinée à des épidémies concomitantes, des conflits, des déplacements forcés et d'autres crises humanitaires qui perturbent la vaccination des enfants, sont autant de facteurs qui peuvent expliquer ces augmentations.",https://www.who.int/emergencies/disease-outbreak-news/item/2023-DON460 
5/1/23,WHO,Nigeria,Fièvre de Lassa,Alerte Elevée,"Le Nigeria connaît actuellement une importante flambée de fièvre de Lassa, avec 4702 cas suspects, cinq cas probables et 877 cas confirmés entre les semaines épidémiologiques 1 et 15 de 2023 (semaine se terminant le 16 avril). Parmi les cas confirmés, il y a eu 152 décès (CFR 17%). La fièvre de Lassa est endémique au Nigéria et dans certaines régions d'Afrique de l'Ouest où le rat multimammate, principal réservoir du virus de Lassa, est répandu. Il s'agit d'une augmentation de 20 % des cas confirmés par rapport à ceux signalés au cours de la même période en 2022 (733).",https://www.who.int/emergencies/disease-outbreak-news/item/2023-DON463 
4/27/23,WHO,Nigeria,Diphtérie,Alerte Elevée,"Depuis le début de l'année 2023, 557 cas confirmés de diphtérie ont été détectés au Nigeria, touchant 21 des 36 États et le Territoire de la capitale fédérale. Selon l'enquête en grappes à indicateurs multiples (MICS) et l'enquête nationale sur la couverture vaccinale (NICS) menées au Nigéria en 2021, la couverture par la troisième dose de vaccin pentavalent était de 57 % en 2021.",https://www.who.int/emergencies/disease-outbreak-news/item/2023-DON452
4/27/23,WHO,Nigeria,Méningite à méningo C,Alerte Elevée,"Entre le 1er octobre 2022 et le 16 avril 2023, le Nigéria a notifié un total de 1686 cas suspects de méningite, dont 124 décès, soit un taux de létalité de 7%. Les hommes représentent 57% (n = 961) du total des cas suspects. La proportion la plus élevée de cas déclarés concerne les enfants âgés de 1 à 15 ans. L'état de Jigawa représente 74% (n = 1252) de tous les cas suspects, et cet état est limitrophe de la région de Zinder au Niger, où une épidémie de méningite a été signalée depuis octobre 2022. Au total, 481 échantillons de liquide céphalorachidien ont été prélevés sur des patients dans 18 États. Sur ces échantillons, 247 étaient confirmés liés à une infection bactérienne par PCR. Parmi les cas positifs, 226 (91 %) étaient dus à Neisseria meningitidis sérogroupe C (NmC), tandis que 13 cas (5,4 %) étaient dus à Streptococcus pneumoniae et un seul cas (0,4 %) à Haemophilus influenzae.",https://www.who.int/emergencies/disease-outbreak-news/item/2023-DON454
4/11/23,WHO,Togo,Méningite à pneumocoque,Alerte Faible,"Depuis la mi-décembre 2022, le Togo fait face à une épidémie de méningite qui a entraîné jusqu'à présent un total de 141 cas et 12 décès (CFR 8,5 %), près de la moitié des cas affectant des enfants et des jeunes adultes âgés de 10 à 19 ans. Dans l'ensemble, 22 échantillons ont été confirmés comme étant des Streptococcus pneumoniae. Le Togo a introduit en 2014 le vaccin pneumococcique conjugué 13-valent (PCV13), qui est actuellement administré en trois doses aux premier, deuxième et troisième mois de vie. La couverture administrative du PCV13 dans la région des Savanes est de 100% pour la troisième dose, mais l'historique des vaccinations n'est pas disponible pour les cas individuels, et on ne sait pas si le(s) sérotype(s) concerné(s) est (sont) couvert(s) par le vaccin. De plus, les groupes d'âge les plus touchés sont nés avant l'introduction du PCV13 en 2014 et pourraient ne pas avoir reçu le vaccin. ",https://www.who.int/emergencies/disease-outbreak-news/item/2023-DON455
3/24/23,Promedmail,South Africa,Rougeole,Alerte Faible,"cas dans 8 provinces, pas de décès 86% moins de 14 ans, cause: couverture vaccinale insuffisante",https://www.who.int/emergencies/disease-outbreak-news/item/2023-DON447 
3/23/23,Promedmail,United Republic of Tanzania,Virus de Marbourg,Alerte Moyenne,"5 décès et 7 cas suspects avec fièvre, asthénie, hématémèse, diarrhée",https://nilepost.co.ug/2023/03/21/tanzania-confirms-outbreak-of-marburg-virus-disease/ 
3/23/23,Promedmail,Congo,Maladie respiratoire non étiquettée,Alerte Moyenne,13 enfants de 0 à 2 ans décédés dans l'état de Yakusu après symptomatologie aspécifique de toux fébrile,https://acp.cd/sante/une-maladie-dorigine-inconnue-tue-13-enfants-de-zero-a-deux-ans-a-yakusu/ 
3/22/23,Promedmail,Ouganda,Fièvre de la vallée du Rift,Alerte Moyenne,"20 nouveaux cas dont 4 mortels, origine vaches contaminée Mbarara disctrict",https://outbreaknewstoday.com/uganda-outbreak-update-rift-valley-fever-91851/ 
3/22/23,Promedmail,Kenya,Charbon,Alerte Elevée,"1 cas Embu County décédé, 1000 personnes ayant probablement consommé la viande infectée",https://nation.africa/kenya/counties/embu/one-dead-dozens-sick-after-eating-contaminated-meat-in-embu-4167484 
3/20/23,Promedmail,Nigeria,Diphtérie,Alerte Moyenne,"Etat de Kano (355 des 377 cas rapportés dont 56 décès), enfants de 2 à 14 ans, seuls 15% complètement vaccinés",https://www.ncdc.gov.ng/themes/common/files/sitreps/d6dbbc4af6e2781520043f4aee0c031f.pdf 
2/11/23,"Who, ECDC",Afrique ,Choléra,Alerte Moyenne,Avec 130 705 cas de choléra et 3052 décès enregistrés à ce jour depuis 2022  la tendance à la hausse rapide pourrait conduire à un nombre de cas plus élevé qu'en 2021.,https://www.ecdc.europa.eu/en/all-topics-z/cholera/surveillance-and-disease-data/cholera-monthly
3/5/23,NCDC,Nigeria,lassa,Alerte Moyenne,"En cumul de la semaine 1 à la semaine 9, 2023, 109 décès ont été rapportés avec un taux de létalité de 16,1% qui est inférieur au taux de létalité pour la même période en 2022 (18,6%).",https://www.ncdc.gov.ng/diseases/sitreps/?cat=5&name=An%20update%20of%20Lassa%20fever%20outbreak%20in%20Nigeria
3/5/23,WHO,Guinée équatoriale,MArburg,Alerte Moyenne,Depuis le 25/02 on recense 11 cas avec 11 décès. Les cas sont situés dans la province de Kie-Ntem,https://www.who.int/emergencies/disease-outbreak-news/item/2023-DON444
2/26/23,promed mail,Ghana,lassa,Alerte Moyenne,Le Ghana Health Service (GHS) a annoncédeux cas de fièvre de Lassa ont été confirmés vi par le Noguchi Memorial Institute for Medical Research. Les deux cas résident à Accra. Le cas  contact est décédé. ,https://univers.ug.edu.gh/2023/02/27/two-cases-of-lassa-fever-reported-ghana-ghs-warns-the-public/
3/10/23,WHO,Ouganda,fièvre vallée du Rift ,Alerte Moyenne,Le laboratoire VHF de l'Institut ougandais de recherche sur les virus (UVRI) a confirmé douze (12) cas humains de fièvre de la vallée du Rift (FVR). Les cas ont été signalé dans le District de Mbarara,https://apps.who.int/iris/bitstream/handle/10665/366418/OEW10-270205032023.pdf
3/17/23,promedmail/outbrak news today,United Republic of Tanzania,non connue,Alerte Moyenne,"maladie inconnue qui a tué 5 personnes. Deux autres patients ont été admis en soins intensifs. Lescas sont situés dans les villages de Bulinda et Butayaieba dans les circonscriptions de Maruku et Kanyangereko, respectivement, dans le district rural de Bukoba. les symptomes étant des fortes fièvres, vomissements, diarrhée et saignements",https://promedmail.org/
3/17/23,WHO,Burundi,Polio,Alerte Elevée,"L'Organisation mondiale de la santé (OMS) rapporte que le ministère de la Santé publique a déclaré aujourd'hui une flambée de poliovirus circulant de type 2 (CVDPV 2) après avoir confirmé la présence de huit cas poliovirus, la première détection de ce type depuis plus de trois décennies.",https://www.afro.who.int/countries/burundi/news/burundi-declares-outbreak-circulating-poliovirus-type-2
3/18/23,ncdc/promed,Nigeria,Diphtérie,Alerte Elevée,"NCDC signale un total de 77 cas suspects dans sept (7) États du pays. La majorité des 77 cas (96,8 %) ont été recensés à Kano au mois de février. Sur les 1 064 cas suspects signalés, 389 (36,6 %) ont été confirmés (45 ont été confirmés en laboratoire, 343 étaient cliniquement compatibles et 1 était lié à l'épidémiologie).

Au total, 62 décès ont été enregistrés parmi tous les cas confirmés (CFR : 15,9%).",http://outbreaknewstoday.com/nigeria-diphtheria-outbreak-more-than-1000-suspected-cases-reported-from-21-states-48069/
2/13/23,Promedmail,Cameroun,Marburg,Alerte Faible,"13 février 2023-Cameroun- 2 cas suspects de maladie de Marburg à Olamze, une commune frontalière avec la Guinée équatoriale. Il s'agit de deux enfants de 16 ans, un garçon et une fille, qui n'ont aucun antécédent de voyage dans les zones touchées en Guinée équatoriale",https://promedmail.org/promed-post/?id=8708401
2/13/23,Promedmail,Sierra leone,Lassa,Alerte Faible,"Sierra léone-2 personnes sont décédées de la fièvre de Lassa dans la chefferie de Dambala Selenga, district de Bo, dans le sud de la Sierra Leone.
",https://promedmail.org/promed-post/?id=8708373
2/12/23,Nigeria Centre for Disease Control and Prevention,Nigeria,Lassa,Alerte Moyenne,"Point au 12/02/2023 : Nigéria : Cumul semaines 1-6 2023 / Cumul semaines 1-6 2022
Cas suspects : 2244/1631
Cas confirmés : 531/ 358
Cas probables 3/ 19 
Décès :  85/ 59
Taux de létalité [%] : 16 / 16.5",file:///C:/Users/Cimeon/Downloads/An%20update%20of%20Lassa%20fever%20outbreak%20in%20Nigeria_020223_6.pdf
2/8/23,ECDC,Guinée équatoriale,Marburg,Alerte Faible,"8/02/23 : 2 cas de fièvre hémorragique au sein de deux communautés voisines du district de Nsok Nsomo, province de Kie-Ntem. →Neuf décès ont été signalés, avec des symptômes tels que fièvre, faiblesse, vomissements sanglants et
diarrhée.1 seul prvt réalisé chez 1 malade testé positif au virus de Marburg- -. Contact tracing : au total : 16 personnes suspectes  avec symptômes bénins et 21 contacts proches isolés à domicile + 4 325 contacts en quarantaine à domicile →Toutes les épidémies sont originaires d'Afrique-depuis 1967 :  environ 600 cas signalés lors d'épidémies-Principalement : Ouganda, République démocratique du Congo  et Angola mais aussi Kenya, Afrique du Sud, Guinée et Ghana (cf juilllet 2022). Taux de létalité : 88 %
Ici premiers cas confirmés en Guinée équatoriale",https://www.ecdc.europa.eu/sites/default/files/documents/communicable-disease-threats-report-week-7-2023.pdf
1/11/23,ECDC et  Monsitère Ouganda,Ouganda,Ebola,Alerte Faible,"1 cas confirmé décédé déclaré le 20/09/2022
Espèce : Soudan

Bilan au 11 janvier 2023-fin de l'épidémie 
142 cas confirmés, 22 cas probables, 55 décès, Taux de létalité 39% pour les cas confirmés
19 cas confirmés parmi les soignants dont 7 décès
Plus de 4000 cas contacts investigués                                                               Neuf districts ayant notifié au moins un cas étaient : Bunyangabu, Jinja, Kagadi, Kampala, Kassanda, Kyegegwa,Masaka et Wakiso
",https://www.afro.who.int/sites/default/files/2023-01/Ug_EVD_SitRep%2391.pdf;  https://www.ecdc.europa.eu/sites/default/files/documents/Public%20Weekly%20Communicable%20Disease%20Threats%20Report%202023w02.pdf
1/1/23,Nigeria Centre for Disease Control and Prevention,Nigeria,Lassa,Alerte Moyenne,"Bilan 2022 : Nigéria : Cumul semaines 1-54 2022 / Cumul semaines 1-54 2021 
Cas suspects : 8202/4654
Cas confirmés : 1067 / 511
Cas probables 37 / 5 
Décès :  189/ 102
Taux de létalité [%] : 17.7 / 20",
11/7/22,ECDC,Ouganda,Ebola,Alerte Moyenne,"20 septembre 2022 : 1 cas confirmé décédé déclaré-souche soudan-Bilan au 7 novembre 2022 : 136 cas confirmés, 53 décès, Taux de létalité 39%; 18 cas confirmés parmis les soignants dont 7 décès et 21 cas probables; 3687 cas contacts investigués dont 68% suivis terminés.",https://www.ecdc.europa.eu/en/news-events/ebola-outbreak-uganda
10/30/22,Nigeria Centre for Disease Control and Prevention,Nigeria,Lhassa ,Alerte Moyenne,"Nigéria : Cumul semaines 1-36 2022 / Cumul semaines 1-35 2021 
Cas suspects : 6620 /3006
Cas confirmés : 917 (dont 55 soignants) / 369 
 Cas probables 37 / 3 
Décès :  171/ 86
Taux de létalité [%] : 18,6 / 23,3",https://www.ncdc.gov.ng/
8/20/22,ECDC/OMS,RDC,Ebola,Alerte Faible,"RDC : 15e épidémie Ebola enregistrée depuis 1976 en RDC et la 7ème depuis le 2018.
28 août 2022 : 1 cas confirmé décédé →172 contacts/6 cas suspect Province du Nord-Kivu. Sur les  172 contacts ont été recensés, dont au moins 60 personnels hospitaliers et 71 patients. Fin de l’épidémie déclarée le 27/09/22",https://www.who.int/emergencies/disease-outbreak-news/item/2022-DON404
7/17/22,ECDC,Gana,Marburg,Alerte Faible,"17 juillet 2022 : 1ière épidémie de maladie à virus de Marburg au Gana, région sud d'Ashanti.
→au total 3 cas déclarés reliés.1ier cas : homme de 26 ans (cas index) admis à l'hôpital le 26 juin 2022 et est décédé le lendemain
2ième cas : un enfant de 14 mois, été admis le 17 juillet ; il est décédé le troisième jour de son admission. 3ième cas : une femme de 24 ans, a été admise dans un centre d'isolement désigné  le 26 juillet 2022. 
Au total, 198 contacts ont été identifiés et suivis.Fin de la surveillance déclarée au 16/09/22
Flambées précédentes et des cas sporadiques décrits : Angola, République démocratique du Congo, Kenya, Afrique du Sud et Ouganda. 1 cas en Guinée en 2021.",https://www.ecdc.europa.eu/sites/default/files/documents/Communicable-disease-threats-report-6-aug-2022-all-users.pdf  https://www.who.int/emergencies/disease-outbreak-news/item/2022-DON409 https://promedmail.org/promed-post/?id=8704955
6/17/22,Promed,Ghana,Variole du singe,Alerte Faible,Mise à jour au 08/06/2022 5 cas confirmés sur 12 (entre 24/05 et 08/06) ,https://outbreaknewstoday.com/ghana-reports-monkeypox-outbreak-5-confirmed-cases-47190/ 
6/17/22,Promed,Nigeria,Variole du singe,Emergents,Vague épidémie dans la région d'Adamawa. 5 cas sur 57 suspects. ,"https://www.sunnewsonline.com/adamawa-confirms-5-cases-additional-57-suspected-cases-of-monkeypox/ 
"
6/16/22,Promed,Ethiopia,Anthrax,Emergents,"Ethiopie : Nord Ouest région Tigray, 9 personnes positives Anthrax région où malnutritiion augmente de 30% ",https://reliefweb.int/report/ethiopia/ethiopia-northern-ethiopia-humanitarian-update-situation-report-16-june-2022 
6/16/22,Promed,WHO,Variole du singe,Emergents,"Depuis 2022, 1597 cas, 66 décès. (Cameroun, RCA, république du Congo, RDC, Nigeria, Maroc, Ghana, Liberia et Sierra leone) ",https://kfgo.com/2022/06/16/africa-reports-1597-suspected-monkeypox-cases-66-deaths-this-year-cdc/ 
6/15/22,Promed,Somalie,Choléra,Epidémie,"Début de campagne de vaccination le 14 juin (934.511 personnes) dans 9 régions à haut risque. Au 15 ai, 4887 suspects, 16 décès. 62% des enfants < 5 ans. ",http://www.emro.who.int/somalia/news/stepping-up-humanitarian-operations-for-drought-cholera-vaccination-campaign-rolled-out-to-protect-over-900-000-somalis-in-drought-affected-districts.html 
6/13/22,Promed,Mozambique,Choléra,Epidémie,"139 cas de cholera depuis le début. 134 guéris, 5 hospitalisés. Pas de décès. ","https://visao.sapo.pt/visaosaude/2022-06-13-provincia-do-centro-de-mocambique-com-cumulativo-de-139-casos-de-colera-desde-declaracao-de-surto/ 
"
6/13/22,Promed,Cameroun,Choléra,Epidémie,"8241 cas et 154 décès. Essentiellement dans le Sud ouest Anglophone 5268 cas, 90 décès. ",https://medicalxpress.com/news/2022-06-resurgence-cholera-people-cameroon.html 
6/12/22,Promed,Kenya,Anthrax,Emergents,3 personnes admises à l'hopital de Kakamega après avoir mangé une vache infectée (Anthrax) ,https://kiswahili.tuko.co.ke/watu/457942-kakamega-watu-watatu-walazwa-hospitalini-kwa-kula-nyama-ya-ngombe-mgonjwa/ 
6/12/22,Promed,Nigeria,Variole du singe,Emergents,"Mise à jour 36 cas confirmés sur 141, 1 décès ",https://bit.ly/3MLRBLU 
6/12/22,Promed,Malawi,Variole du singe,Alerte Faible,"Patient H 48 ans SF1 05/06, H1 08/06 Mis en isolation le 09/06, Décès le 10/06. Fermier, pas de notion récente de voyage pas de contact, pas de cas connu dans la région. Personne ne présentant les mêmes signes entourage. ","https://malawi24.com/2022/06/12/suspected-monkeypox-patient-dies-in-chiradzulu/ 
"
6/11/22,Promed,Kenya,Anthrax,Emergents,Trois personnes inquiètent après avoir mangé viande suspecte d'être infectée à anthrax (Kakamega) ,https://www.kenyamoja.com/video/three-admitted-kakamega-after-consuming-anthrax-infected-meat-kbc-video-48184 
6/10/22,Promed,Benin,Choléra,Epidémie,Nord Est du Bénin : 13 cas sur 1300 suspects,https://french.news.cn/20220611/482003ee3d464a4bb1185cf3af8a83ca/c.html
6/9/22,Promed,Nigeria,Meningite,Alerte Faible,Pas moins de 65 personnes (100 ? selon un autre article) décédées dans une épidémie de méningite cérébrospinale dans le Jigawa. Epidémie début avril aggravée en mai. La majorité des victimes avaient moins de 11 ans. 257 cas ont été enregistrés dans 18 des 27 provinces du Jigawa (1 des 36 états du Nigeria) ,https://saharareporters.com/2022/06/09/meningitis-outbreak-kills-65-residents-jigawa 
6/7/22,Promed,RDC,Choléra,Epidémie,"Sud Kivu, 107 cas dont 5 décès",http://outbreaknewstoday.com/drc-more-than-100-cholera-cases-reported-in-kalehe-health-zone-79364/ 
6/7/22,Promed,RDC,Rougeole,Epidémie,Rougeole sud Kivu. 85 décès en 5 mois. Zone de Fizi (épicentre avec + 3000 cas) ,https://www.radiookapi.net/2022/06/07/actualite/sante/sud-kivu-85-deces-de-rougeole-enregistres-en-5-mois 
6/6/22,Promed,Burundi,Fièvre valley Rift ,Epidémie,"Plusieurs provinces stouchées (8) avec un total de 487 cas et 115 décès. Problèmes : difficulté à tuez le bétail, si tué, augmentation du prix. Risque de manger des viandes infectées. Se rabattre sur le poisson ? ",https://www-focusonafrica-info.translate.goog/burundi-si-estende-lepidemia-di-febbre-della-valle-del-rift-tra-bovini-e-ovini/?_x_tr_sl=it&_x_tr_tl=en&_x_tr_hl=en&_x_tr_pto=sc
6/5/22,Promed,Nigeria,Variole du singe,Emergents,"10 nouveaux cas, 110 cas suspects au total, 31 confirmés, 1 décès ",https://bit.ly/3MLRBLU 
6/5/22,Promed,WHO ,Variole du singe,Emergents,"Cameroun 28 cas suspects 3 cas confirmés 2 décès; RCA 17 cas suspects, 8 confirmés, 2 décès, RDC 1284 cas suspects , 58 décès (CFR 4,5% ? Basé sur ",https://apps.who.int/iris/bitstream/handle/10665/355799/OEW23-300505062022.pdf 
6/3/22,ECDC,RDC,Peste,Alerte Moyenne,"3 juin 2022, les médias rapportent un premier cas suspect de peste pulmonaire dans la zone de santé de Rethy du territoire de Djugu, Ituri
Province de la République Démocratique du Congo (RDC). Le patient est un habitant de 40 ans du village de Belenju qui a été
hospitalisé à l'hôpital général de Rethy pour isolement et traitement d'une peste pulmonaire diagnostiquée par test rapide. Il a présenté
avec des symptômes de maux de tête et de fièvre.
La peste est endémique dans la zone de santé de Rethy depuis mars 2022, avec 351 cas suspects et cinq décès. Il n'y a aucun signe d'un
progression des tendances de la peste pulmonaire.
",https://www.ecdc.europa.eu/sites/default/files/documents/Communicable-disease-threats-report-2-jul-2022-corrected.pdf
6/3/22,Promed,Senegal,Paludisme,Alerte Faible,Recrudesence de cas de paludimse expliqué par recrudescence innondations région de Touba (Diourbel),http://www.aps.sn/spip.php?article4004&lang=fr 
6/3/22,Promed,RDC,Peste bubonique,Re-émergents,"1er cas de peste bubonique dans la région Rethy, territoire Ituri. H de 40  ans. Fièvre, maux de tête : peste pulmonaire. 217 cas confirmés depuis mars, 5 décès. Manque de matériel de protection. ",https://www.radiookapi.net/2022/06/03/actualite/sante/ituri-un-premier-cas-de-peste-pulmonaire-detecte-djugu
5/30/22,Promed,RDC,Variole du singe,Emergents,Enregistrements de 465 cas Monkeypox en 5 mois. 9 décès enregistrés depuis janvier. Région Sankuru. 119 cas pris en charge sur la dernière semaine. Consommation de cadavres de singes et de rongeurs. ,https://www.radiookapi.net/2022/05/30/actualite/sante/sankuru-environ-465-cas-de-monkeypox-enregistres-en-5-mois 
5/30/22,Promed,Nigeria,Variole du singe,Emergents,21 cas confirmés depuis janvier dont 1 décès. ,
5/29/22,Promed,Ghana,Hanz virus grippe,Alerte Faible,"H3N2V, infection influenza aviaire A, virus HANZ souche de grippe habituellement oiseaux, porcs et humains. Transmisison plus importante que la grippe porcine. (virus mute facilement",https://www.ghanaweb.com/GhanaHomePage/NewsArchive/GHS-confirms-outbreak-of-Hanz-virus-in-Ghana-1544879 
5/29/22,Promed,WHO,Variole du singe,Emergents,MAJ Afrique zone éndémique Pays / Confirmés / en cours exploration Cameroun/25/9 RCA/8/2 RDC/1284/58 Nigeria/46/0 Congo/2/0,https://www.who.int/emergencies/disease-outbreak-news/item/2022-DON388 
5/29/22,Promed,Nigeria,Variole du singe,Emergents,Au 29/05 Pays/confirmés/ Suspects/décès Nigeria 66/21/1 Congo 9 décès ,https://ncdc.gov.ng/diseases/sitreps/?cat=8&name=An%20Update%20of%20Monkeypox%20Outbreak%20in%20Nigeria
5/28/22,Promed,Togo,Trachome ,Alerte Faible,3eme pays éradiqué du trachome (Ghana juin 2018 et Gambie Avril 2021) Programme éradication des maladies tropicales négligées,https://www.who.int/news/item/28-05-2022-togo-eliminates-trachoma-as-a-public-health-problem 
5/27/22,Promed,Algérie,Piqûre scorpion,Alerte Faible,Baisse des cas grâce campagne de prévention. + 50.000 cas à environ 40.000 cas sur les 3 dernières années et diminution de 50% de décès de 45 à 22 (intérêt sérum anti-scorpionique). ,https://www.aps.dz/sante-science-technologie/140309-envenimation-scorpionique-baisse-des-cas-grace-aux-campagnes-de-collecte-et-de-prevention 
5/27/22,Promed,RDC,Rougeole,Epidémie,"Région TSHOPO, plus de 200 cas, avec beaucoup de décès. ",https://www.radiookapi.net/2022/05/27/actualite/sante/tshopo-plus-de-200-cas-de-rougeole-notifies-banalia>; 
5/26/22,Promed,Uganda,Anthrax,Emergents,"18 animaux touchés, abattus. 13 personnes touchées, 1 personne décédée. Manque de vaccin. Envoi de vaccin. ",https://www.monitor.co.ug/uganda/news/national/farmers-cry-out-for-vaccines-as-anthrax-ravages-districts-3828118 
5/25/22,Promed,Mozambique,Choléra,Epidémie,"Seconde épidémie de choléra en 2 mois. Propagation région Zambézie. 47 cas. 30 cas récencés à Sofala, province voisine Zambésie en avril. ",https://africanmanager.com/mozambique-2e-epidemie-de-cholera-declaree-en-deux-mois/ 
5/25/22,Promed,Cameroun,Choléra,Epidémie,"Résurgence Choléra. + 7000 cas répertoriés dont 140 décès en 7 mois. Depuis octobre 2021 (7287) dont bilan en mars était de 2100 cas et 62 décès.  3 zones (littoral - Douala, capitale économique, Ouest et le Sud Ouest Anglophone) Campagne de vaccination début juin. ",https://www.lefigaro.fr/flash-eco/cameroun-140-morts-en-sept-mois-dans-une-resurgence-du-cholera-20220525
5/25/22,Promed,RDC (équateur),Ebola,Emergents,"Cinquième décès (4 confirmés, 1 probable) 1311 vaccinés, 2 zones affectées Mbandaka et Wangata. 18e épidémie et 3em depuis 2018 en province Equateur. ",https://twitter.com/WHOAFRO/status/1529444451717742592
5/25/22,Promed,RDC,Rougeole,Epidémie,Epidémie Sud Kivu avec 73 enfants décédés depuis début année. 6113 cas notifiés dans différentes zones. 874 cas la semaine précédente avec 15 décés. Fizi reste l'épicentre. ,https://actualite.cd/2022/05/25/rdc-73-deces-de-rougeole-au-sud-kivu-depuis-le-debut-de-lannee 
5/24/22,Promed,Benin,Trypanosomiase,Alerte Faible,,https://www.who.int/news/item/24-05-2022-benin--uganda-and-rwanda-eliminate-human-african-trypanosomiasis-as-a-public-health-problem 
5/24/22,Promed,Rwanda,Trypanosomiase,Alerte Faible,,https://www.who.int/news/item/24-05-2022-benin--uganda-and-rwanda-eliminate-human-african-trypanosomiasis-as-a-public-health-problem 
5/24/22,Promed,Uganda,Trypanosomiase,Eradication,,https://www.who.int/news/item/24-05-2022-benin--uganda-and-rwanda-eliminate-human-african-trypanosomiasis-as-a-public-health-problem 
5/23/22,Promed,Sierra leone,Anthrax,Emergents,"Premiers cas humains moins 1se après une épidémie déclarée chez animaux. 3 personnes testées positives région voisine Karene. 4 personnes SF, 3 positives. Sur les 200 animaux (223) 91 têtes de bétail, 53 chèvres, 79 moutons. ",https://www.fatunetwork.net/sierra-leone-records-3-human-cases-of-anthrax/ 
5/23/22,Promed,Burundi,Fièvre valley Rift ,Epidémie,Epidémie de bétail (+ de 100 tête de bétail) fin avril. Incinération bétail. Pas de cas humain. ,https://www.arib.info/index.php?option=com_content&task=view&id=21912
5/22/22,Promed,Malawi,Choléra,Alerte Faible,"Début de campagne de vaccination le 23 mai après 12 décès liés au choléra. Epidémie depuis début mars. Total de 308 cas, dont 12 décès. Maximum sud, district frontalier de Nsanje. ",https://french.news.cn/20220522/242e4f27051a4de89feb5f198d9394cd/c.html
5/20/22,Promed,Uganda,Anthrax,Emergents,13 personnes touchées dont 1 mort après consommation de viande bovine. Notion décès 10 vaches régions Bumabara villafe dans le Bunatsami. ,https://witness.co.ug/anthrax-breaks-out-in-bududa-district-10-cows-dead/ 
5/19/22,Promed,RDC,Ebola,Emergents,"4eme cas, H 12 A Wangata, confirmé le 19/05 décédé le 20/05. SF1 14/05, prise en charge à la maison avec une opposition de la famille à ce qu'il aille à l'hôpital. Selon les sources, un enfant de 6 ans dans le quartier serait décédé le 06/05 des mêmes symtomes (fièvre, fatigue et vomissements noirâtres). il a été enterré sans précaution sécurisée et sans prélèvement post mortem. ",http://outbreaknewstoday.com/ebola-outbreak-4th-case-confirmed-in-mbandaka-37889/ 
5/19/22,Promed,RDC,Fièvre thyphoïde,Alerte Faible,"In 2022, through May 1, 634,401 suspected cases of typhoid fever including 279 deaths were recorded in the Democratic Republic of the Congo.",https://www.bloomberg.com/news/articles/2022-05-19/ebola-fatalities-in-congo-raise-concern-of-more-virulent-strain 
5/18/22,Promed,Mozambique,Polio sauvage,Emergents,"Indemne de polio sauvage depuis aout 2020, 2eme cas en afrique du sud depuis 2022 (1er en févrer a Malawi) Premier cas depuis 1992 même si des cas muté du vaccin) Phylogénétique similaire à la souche Pakistan de 2019. ",https://www.africanews.com/2022/05/18/mozambique-declares-polio-outbreak-linked-to-pakistan/
5/17/22,Promed,Sierra leone,Anthrax,Emergents,Plus de 200 têtes de bétail décédés. Région de Port Loko (Bacillus anthrasis) Pas de cas humains. Transmission par une piqûre de taon. ,https://www.theeastafrican.co.ke/tea/rest-of-africa/sierra-leone-reports-anthrax-outbreak-3818122 
5/14/22,Promed,Algérie,Brucellose,Endémie,"Depuis janvier 26 cas, de consommateurs de produits laitiers. Même incidence que l'année d'avant avec 42 cas en 2021. Agents bioterrorism de classe B. Brucella melitensis, abortus, suis..) ",https://www.lesoirdalgerie.com/regions/26-cas-de-brucellose-humaine-enregistres-en-2022-81280 
5/14/22,Promed,South Africa,Fièvre de Lassa,Emergents,"Voyageur d'afrique du sud infecté par fièvre de Lassa au Niegria.Entre 1970 et 2000, 12 cas (4 en Europe, 6 en UK et 2 USA) Pas de cas secondaires. ",http://outbreaknewstoday.com/south-africa-reports-fatal-imported-lassa-fever-case-1st-case-since-2007/ 
5/13/22,Promed,Guinée,Fièvre de Lassa,Emergents,"22 avril : 2 cas décalré région de Guéckédou Sud Est Guinée. Pas décès. F17 ans SF1 12/04 AEG anorexie, fièvre, H1 19/04 : 141 contacts D1 le 20/04 RtPCR Confirmé Laboratoire référence Conakry. 2e cas H H1 le 28/04 Céphalées, Douleurs thoraciques, diarrhées sanglantes, D1 le 29/04. MEf CFR 15% ",
5/13/22,Promed,Nigeria,Fièvre de Lassa,Emergents,"4 derniers mois, 149 décès.",https://punchng.com/lassa-fever-kills-149-in-four-months-says-ncdc/ 
5/13/22,Promed,Mozambique,Polio dérivés vaccin,Epidémie,"4,2 million enfants vaccinés en avril => 2 cas de PDSVc2.",https://www.cidrap.umn.edu/news-perspective/2022/05/news-scan-may-13-2022 
5/13/22,Promed,Nigeria,Polio dérivés vaccin,Epidémie,21 cas recensés en 2022 vs 415 en 2021 de PDSVc2,https://www.cidrap.umn.edu/news-perspective/2022/05/news-scan-may-13-2022 
5/13/22,Promed,RDC   ,Polio dérivés vaccin,Epidémie,"37 cas PDSVc2 depuis 2022, dont 11 (10 Maniema et 1 Sud Kivu) vs 28 cas en 2021. ",https://www.cidrap.umn.edu/news-perspective/2022/05/news-scan-may-13-2022 
5/11/22,Promed,Soudan du Sud,Méningite,Epidémie,16 enfants < 5 ans décédés deux dernières semaines sur 155 cas entre mi avril et mi mai.Pas de notion d'identification  ,https://radiotamazuj.org/en/news/article/16-die-of-meningitis-in-northern-bahr-el-ghazal 
5/11/22,Promed,Burkina Faso,Trypanosomiase,Eradication,"5883 testés, 842 + RDT. Examen microscopique Sang RDT + = pas de trypano. ELISA T b gambiense Sp 99% et SE 100% ",https://www.parasite-journal.org/articles/parasite/full_html/2022/01/parasite210148/parasite210148.html
5/10/22,Promed,Nigeria,Choléra,Epidémie,"1569 cas confirmés de choléra, 38 décès depuis début janvier",https://africa.cgtn.com/2022/05/10/death-toll-of-cholera-outbreak-in-nigeria-rises-to-38/ 
5/10/22,Promed,Nigeria,Variole du singe,Emergents,"558 cas avec 230 confirmés (43,8%) 8 décès en 5 ans. 3 jours après découverte 1 cas UK provenance Nigeria.CFR 3,3% 13 cas suspects depuis début année (01/01 et 28/02) ",https://www.premiumtimesng.com/news/top-news/528825-monkeypox-nigeria-records-558-cases-eight-deaths-in-five-years.html 
5/9/22,Promed,Nigeria,Variole du singe,Emergents,"Depuis 2017, cas sporadiques de MPX (Monkey pox). 46 cas suspects depuis 2022 jusqu'au 29/04. 15 confirmés. Entre 2017 et 2022, total de 558 cas. CFR 3?3% ",http://outbreaknewstoday.com/nigeria-monkeypox-update-1st-quarter-2022/ 
5/8/22,Promed,Nigeria,Fièvre de Lassa,Emergents,"4527 cas suspects 762 confirmés, 151 décès CFR 19,8%",https://bit.ly/2KTJfrL 
5/8/22,Promed,Nigeria,Fièvre jaune,Epidémie,1ere fois en 11/20. Depuis janvier au 28/02 : 2456 cas reportés suspect de fièvre jaune : 54 positifs par test de neutralisation par réduction de plaque( PRNT). 28% région d’Enugu. 3 décès. ,http://outbreaknewstoday.com/cdc-issues-travel-notice-for-nigeria-due-to-an-outbreak-of-yellow-fever-68143/ 
5/7/22,Promed,RDC (équateur),Ebola,Emergents,"3e décès. Homme de 48 ans. Admis le 05/05 à l'hôpital général de Wangata. Contact haut risque 1er et 2eme cas, de la même famille. ",https://www.radiookapi.net/2022/05/07/actualite/sante/equateur-3e-deces-lie-lepidemie-debola-mbandaka 
5/7/22,Promed,RDC,Peste bubonique,Re-émergents,"101 cas suspects, 2 décès, CFR 1,9% Rongeurs, écureuils, consommation de viande sauvage. CFR habituel de 17%",pascaladroba2017@gmail.com Dr Pascal ADROBA Plague surveillance and control center (CSLP) Bunia (DRC - RDC en français) 
5/6/22,Promed,Nigeria,Polio dérivés vaccin,Epidémie,Confirmation 3 nouveaux cas de poliovirus circulant dérivé d'un vaccin de type 2 (PDSVc 2) => 20 cas depuis 2022. Enregistrement de 415 cas en 2021,https://www.cidrap.umn.edu/news-perspective/2022/05/news-scan-may-06-2022 
5/5/22,Promed,RDC,Ebola,Emergents,"3e cas H 48 ans, 444 cas contacts ",https://english.alarabiya.net/News/world/2022/05/05/Third-Ebola-case-confirmed-in-northwest-Congo-WHO 
5/5/22,Promed,Guinée,Fièvre de Lassa,Emergents,"2eme cas le 29/04 H 24 ans, du village de Koumassan  sans lien avec le premier",http://outbreaknewstoday.com/second-lassa-fever-case-reported-in-guinea-61898/
5/4/22,Promed,Côte Ivoire,Dengue,Epidémie,"Depuis 22/03/2022, à Abidjan 11 cas dont 1 décès ",https://www.msn.com/fr-xl/actualite/other/c%C3%B4te-d-ivoire-11-cas-de-dengue-dont-1-mort/ar-AAWUOjl?ocid=BingNewsSearch 
5/2/22,Promed,Libéria,Rougeole,Epidémie,"Augmentation des casde rougeole. Depuis 2022, 1954 cas suspects, 265 confirmés. Epicentre comté de Montserrado avec 1145 cas sur 1954. ",https://thenewdawnliberia.com/health-authorities-alarm-over-measles-outbreak/ 
5/1/22,Promed,Ghana,Paludisme,Epidémie,Augmentation des cas de paludismes (incidence). augmentation des gites larvaires et refus dormir sous les moustiquaires. 593 cas en 3 mois. 14% chez les enfants. ,https://newsghana.com.gh/593-malaria-cases-recorded-in-ada-east-in-three-months/ 
4/29/22,Promed,RDC,Rougeole,Epidémie,"Depuis 2022, 6259 cas de rougeole avec 132 décès. Epicentre est la région de pointe noire, capitale économiques avec 5488 cas et 112 décès. ",http://www.china.org.cn/world/Off_the_Wire/2022-04/29/content_78193201.htm 
4/28/22,Promed,Nigeria,Rougeole,Epidémie,"Sur les 12 derniers mois, 12 341 cas de rougoele, avec augmentation incidence sur les 2 premiers mois de 2022 de 79% ",https://guardian.ng/news/nigeria-posts-record-12341-measles-infections-in-12-months/ 
4/27/22,Promed,Soudan du Sud,Anthrax,Emergents,"infection humain à Warrap 01/05 échantillon de mars 2022, enquête avril. Anthrax animaux morts. Bétail jusqu’à 800.000 morts dans tous le pays innondations famine, maladie hydrique entre 2019 et 2020. ",https://www.sawasawanetwork.org/news/20-people-test-positive-for-anthrax-in-warrap 
4/27/22,Promed,Nigeria,Fièvre de Lassa,Emergents,"cas suspects 4272 (2022) / vs 1651 (2021) confirmés 751 (22) vs 254 (21) Dc 140 (22) vs 52 (21) CFR 18,6% vs 20,5",https://punchng.com/ncdc-alerts-health-workers-as-lassa-fever-kills-140/ 
4/27/22,Promed,Somalie,Rougeole,Epidémie,"3509 cas rougeole entre 2 janvier et 5 mars 81% < 5 ans, au 27/04 9068",
4/27/22,Promed,Somalie,Rougeole,Epidémie,"Somalie 3509 cas suspects 2 premiers mois, 57% positifs, 81% positifs moins de 5 ans. Endemique en Somalie. 2017 (23039 suspects) 2020 (2596) 2021 (7494) couverture 1ere dose 46% sur les 10 dernières années. ",https://www.who.int/emergencies/disease-outbreak-news/item/2022-DON371 
4/26/22,Promed,RDC,Ebola,Emergents,"2e patient, F 25 ans (belle sœur) de la même famille décédé :145 cas contacts ",https://www.cidrap.umn.edu/news-perspective/2022/04/news-scan-apr-26-2022 
4/25/22,Promed,RDC,Ebola,Emergents,"Dejà 74 contacts listés région Mbandaka. Suite PEC Etudiant 31 ans CTE Ebola, Hopital de référence Wangata le 19/04. Décès le 21/04. ",https://www.mediacongo.net/article-actualite-103737_ebola_a_mbandaka_74_contacts_deja_listes.html
4/25/22,Promed,Uganda,Fièvre jaune,Epidémie,"Au 25 avril, 7 cas suspects testés positifs ELISA + (test de neutralisation par réduction de plaque (PRNT). Par contre sur les 7 cas, tous négatifs PCR. A savoir 5 vaccinés contre fièvre jaune. Pas de plan de vaccination existant en Uganda. Immunité population basse 4,2%. Semblerait que sur les 7, 1 seul soit confirmé. ",https://www.who.int/emergencies/disease-outbreak-news/item/2022-DON367 
4/24/22,Promed,RDC,Ebola,Emergents,"14e Epidémie Ebola province Nord Ouest (province Equateur) à Mbandaka ou Wangata. H 31 ans, vacciné contre Ebola en 2020, non connu pour être un survivant à MVE. SF1 0504 traité à la maison (Céphalées fébriles). H1 Bongisa 16/04 3j puis transféré Hopital de Wangata, hopital de référence Mbandaka le 19/04. Signes hémorragiques le 21/04. Isolement. Décès le même jour. Confirmation GeneXpert le 23/04. Nouveau clade. Pas de relation proche avec épidémie équateur de 2018 (54 cas) et 2020 130 cas). 74 cas contacts",https://virological.org/t/april-2022-ebola-virus-disease-case-in-equateur-province-drc-represents-a-new-spillover-event/795 
4/23/22,Promed,RDC,Ebola,Emergents,Nouvelle épidémie : 1 mort le 21/04/2022 Wangata H 31 ans : 74 contacts,https://www.aa.com.tr/fr/afrique/nouvelle-%C3%A9pid%C3%A9mie-d-ebola-d%C3%A9clar%C3%A9e-en-rdc-un-mort/2571309 
4/23/22,Promed,Guinée,Fièvre de Lassa,Emergents,F 17 ans  sous préfecture de Kassadou (sud). D1 20/04 centre de soins Guéckédou 2eme test Conakry confirme 1er résultat. Etat stable. ,https://www.seneweb.com/news/Sante/alerte-internationale-l-epidemie-de-la-f_n_376958.html 
4/21/22,Promed,Reunion ,Leptospirose,Epidémie,"Augmentation incidence. Depuis janvier:  99 cas. 43 en mars et 35 en avril. 18 en Rea, pas décès. Plus de cas qu’en 2021 (74 à la même période). ",https://www.20minutes.fr/sante/3275047-20220421-leptospirose-cas-dangereuse-maladie-transmise-rats-multiplient-reunion
4/21/22,Promed,Ghana,Paludisme,Vaccination,"Début Vaccination antipaliudéen. Pilote lancé en avril 2019 au Malawi avec le RTS,S/AS01 était safe et réduisait la mortalité. Début campagne Ghana, Kenya et Malawi, reçu +/- une dose. Pourrait sauver 40 à 80.000 enfants/ an. Nouveaux méd anti vivax = tafenoquine (Brésiln Pérou, Thailande. Ganaplacide_Lumefantrine phase 2, premiere combinaison non artémisine contre des souches résistantes en Afrique. Objectif éradication palu en 2030. ","https://www.who.int/news/item/21-04-2022-over-1-million-african-children-protected-by-first-malaria-vaccine 
"
4/20/22,Promed,RDC,Peste bubonique,Re-émergents,"56 cas dont 2 Dcd. Concerné deux régions (rassia et Lokpa 95% des cas) en 2021 138 cas, dont 14 dcd (taux de léthalité de 10%). En 2020 461 cas suspects dont 31 dcd (taux de léthalité de 6,7%). Endémique au Nord Est de la RDC. Premier cas reporté en 1928 Surtout époques pluvieuses (Mars à Mai et de Juillet à Novembre) ",http://outbreaknewstoday.com/plague-in-drc-56-cases-reported-in-2022-to-date-most-in-lokpa-11389/ 
4/20/22,Promed,Namibie,Rage,One Health, Décès Adolescente suite morsure tardive de chien (1 mois),
4/20/22,Promed,South Africa,Rage,Epidémie,Mort d'un adolescent 14 ans mordu par un chien. (morsure non visible) morsure 1 mois auparavant. Epidémie dans le cap Est non sous contrôle. 430 cas de rages depuis juillet 2021. 6 décès humains. ,"https://www.algoafm.co.za/local/death-of-bay-teenager-possibly-linked-to-rabies 
https://www.eurosurveillance.org/content/10.2807/1560-7917.ES.2022.27.16.2200252 "
4/20/22,Promed,Libéria,Rougeole,Epidémie,"Lanceur d'alerte. 14 des 15 comtés touchés ; Nombreux cas, des morts, faible couverture vaccinale.",https://www.peacefmonline.com/pages/local/news/202204/465099.php
4/20/22,Promed,RDC,Variole du singe,Emergents,"1088 cas sur les 3 premiers mois de 2022. Comparable à 2021 (1126 cas) 52 décès CFR 4,8% ",http://outbreaknewstoday.com/drc-reports-more-than-1000-monkeypox-cases-during-first-quarter-of-2022/ 
4/14/22,Promed,Malawi,Choléra,Epidémie,"65 cas et 3 décès, 1,9 millions de vaccin oraux suivi d’une seconde séance de vaccination de 2.000.000 de doses. ",https://www.news24.com/news24/africa/news/fight-against-cholera-in-malawi-gets-timely-boost-amid-outbreak-in-2-regions-20220413 
4/14/22,Promed,Nigeria,Choléra,Epidémie,"31 décès depuis début 2022. 1359 cas. Distributions kit anticholéra; 5813 ménages produits chimiques pour traitement eau, 107 formé promotion hygiène, assainissement, contrôle, qualité…40 points d'eau chlorés",https://english.news.cn/africa/20220414/c19eccc0bf91413c9d4db5f319df4b6c/c.html
4/13/22,Promed,Nigeria,Rougeole,Epidémie,Sokoto depuis janvier. + 1000 cas rapportés jusqu’au 13/04. Essentiellement les enfants non vaccinés. Les enfants vaccinés ont été touchés avec des formes moins sévères. ,"https://dailytrust.com/sokoto-records-1000-measles-cases-in-4-months 
"
4/12/22,Promed,Niger,Choléra,Eradication,"Fin épidémie. Epidémie entre mars et décembre 2021. 5591 cas, et 166 décès CFR 3%.  Campagne vaccinale de 1,9 millions de personnes (95% de couverture vaccinale)",https://reliefweb.int/report/niger/speedy-vaccination-campaign-helps-stop-cholera-outbreak-niger 
4/12/22,Promed,Nigeria,Fièvre de Lassa,Emergents,"3746 cas suspects, 691 confirmés, Bilan 132 morts, CFR 19,1%",http://www.xinhuanet.com/english/africa/20220412/bb294ba3f029473288f3df231ce06498/c.html
4/12/22,Promed,RDC,Paludisme,Epidémie,Rapport 2021 : 1.202.530 cas paludisme. 1878 dcd. Majoritairement des enfants. Congo central. ,https://www.radiookapi.net/2022/04/12/actualite/sante/kongo-central-plus-dun-million-de-cas-de-paludisme-notifies-en-2021 
4/12/22,Promed,RDC,Polio dérivés vaccin,Epidémie,16 cas cVDPV2 (cas de poliovirus circulant dérivé d’un vaccin de type 2) ,https://www.cidrap.umn.edu/news-perspective/2022/04/news-scan-apr-11-2022 
4/12/22,Promed,Congo,Rougeole,Epidémie,"3400 cas, 78 dcd, la plupart < 5 ans. ",https://fr.africanews.com/2022/04/11/le-congo-touche-par-une-epidemie-de-rougeole// 
4/9/22,Promed,Cameroun,Choléra,Epidémie,Pb de protection population carcérale (mauvaise conditions d’hyiène et d’accès à l’eau. 6 dc prison central New Bell de Douala (2e prison du Cameroun). + 105 dc depuis début épidémie. 4700 détenus (4 fois la capacité d’accueil). Jusqu’à 50 personnes entassées dans 9m2. ,https://www.hrw.org/fr/news/2022/04/09/le-cameroun-devrait-proteger-les-prisonniers-contre-lepidemie-de-cholera 
4/9/22,Promed,Kenya,Fièvre jaune,Epidémie,Sur les 53 suspects 8 cas confirmés. Dont 7 dc,https://nation.africa/kenya/counties/isiolo/isiolo-s-yellow-fever-death-toll-rises-to-seven-3777318 
4/8/22,Promed,Mozambique,Paludisme,Epidémie,Augmentation de 29% vs 2021 (40 dcd en 2022 vs 34 pour 109.000 cas ,https://clubofmozambique.com/news/mozambique-40-people-die-from-malaria-in-q1-in-niassa-rm-213743/
4/8/22,Promed,RDC,Peste bubonique,Re-émergents,"33 cas suspects, 2 dcd (CFR 6%) ",laudisoit@ecohealthalliance.org [edited] 
4/6/22,Promed,Nigeria,Fièvre de Lassa,Epidémie,"11 régions administratives touchées, 176 cas confirmés; ",https://pmnewsnigeria.com/2022/04/06/edo-lassa-fever-spreads-to-11-lgs-176-cases-confirmed/ 
4/6/22,Promed,Ethiopia,Méningite,Epidémie,"Augmentation incidence entre 12/21 et 04/22: 1398 cas. 13 dc. CFR 0,9% Mix bactérien et viral. ",http://outbreaknewstoday.com/ethiopia-meningitis-outbreak-called-concerning-19833/ 
4/1/22,Promed,Cameroun,Choléra,Epidémie,Plus 6000 personnes touchées et 100 dcd depuis fevrier 2022 région de Limbe avec mise en quarantaine de la population afin éviter la propagation,https://www.voanews.com/a/cameroon-struggling-to-contain-cholera-outbreak-quarantines-patients/6510981.html 
4/1/22,Promed,RDC,Peste bubonique,Re-émergents,"entre 27 et 31/03 16 cas suspects de peste bubonique, 2 morts, CFR 12,5%, F 30 ans du village Lokpa, admise le 26/03 douleur inguinal fosse iliaque, frissons et fièvre. Ttt gentaycine. Dcd le 28/03. 53 personnes prophylaxie doxy + Bactrim. Ttt deltametrin pour contrôler les puces. (fleas)",laudisoit@ecohealthalliance.org [edited] 
3/31/22,Promed,Uganda,Fièvre jaune,Epidémie,"8 cas positifs dont la moitié vacciné (PRNT plaque reduction neutralization tests) 4 déjà vaccinés étaient positifs au virus mais pas infectés. 
06/03 => 25/04 total suspect de 7 cas",http://outbreaknewstoday.com/yellow-fever-outbreak-declared-in-uganda-23472/ 
3/28/22,Promed,Nigeria,Fièvre de Lassa,Emergents,"Inquiétude augmentation de cas, 123 décès au 20/03 depuis janvier sur 3316 cas suspects ",https://punchng.com/lassa-fever-deaths-hit-123-ncdc-worries-over-rise/ 
3/28/22,Promed,Soudan du Sud,Rougeole,Epidémie,"209 cas, 2 dcd, CFR 0,9%.Est Darfour : vaccination MSF 30.000 enfants de 6 mois à 15 ans en avril  ",http://outbreaknewstoday.com/measles-outbreak-declared-in-south-sudan-52261/ 
3/27/22,Promed,Kenya,Fièvre jaune,Epidémie,Au 27/03 : 53 suspects 6 confirmés et décédés,https://www.who.int/emergencies/disease-outbreak-news/item/yellow-fever-kenya 
3/27/22,Promed,Guinée,Rougeole,Epidémie,Augmentation consultation pédiatrie 60% concerne la rougeole,https://www.afrik.com/la-guinee-inquiete-par-les-cas-de-rougeole-qui-se-multiplient 
3/27/22,Promed,RDC,Tuberculose,Epidémie,Rapport 2021 : 216.000 cas. ,https://www.radiookapi.net/2022/03/25/actualite/sante/tuberculose-la-rdc-notifie-plus-de-216-000-cas-en-2021ministere-de-la 
3/26/22,Promed,Ghana,Hepatite B,Epidémie,Augmentation incidence de 5% district Antwikrom,https://newsghana.com.gh/hepatitis-b-cases-rising-in-antwikrom-sub-health-district/ 
3/25/22,Promed,Cameroun,Choléra,Epidémie,Ouest du pays + 300 cas notifiés 29 dc,https://www.voaafrique.com/a/r%C3%A9surgence-du-chol%C3%A9ra-au-cameroun-29-morts-en-une-semaine/6501167.html 
3/25/22,Promed,Nigeria,Polio dérivés vaccin,Epidémie,"PDSVc2 :  5 cas au 25/03, au 12/04 14 cas, 20 cas le 08/05 (contre 415 cas en 2021)",https://www.cidrap.umn.edu/news-perspective/2022/03/news-scan-mar-25-2022 
3/21/22,Promed,Ghana,Rougeole,Epidémie,2 cas et Rubéole…,https://www.modernghana.com/news/1146374/ghs-issues-alert-on-surge-in-measles-cases-across.html 
3/19/22,Promed,Mauritanie,FHCC,Emergents," 6 cas confirmés 1 cas le 04/02 H 57 ans, agriculteur, Epistaxis et Hématèmèse, consultation 5 structures sanitaires entre kubeni et Nouakchott entre 27/01 et le 04/02 puis les autres ; 2 dc",http://outbreaknewstoday.com/mauritania-crimean-congo-hemorrhagic-fever-update-66698/ 
3/18/22,Promed,Mayotte,Leptospirose,Epidémie,Rapport : Augmentation incidence en 2021 ,https://www.mayottehebdo.com/actualite/breves/180-cas-de-leptospirose-confirmes-en-2021/ 
3/18/22,Promed,Togo,Rougeole,Epidémie,Nord Est ,https://www.ouestaf.com/togo-une-epidemie-de-rougeole-declaree-dans-le-yoto/ 
3/14/22,Promed,Nigeria,Choléra,Epidémie,"701 cas sur les 2 premiers mois, pas de Dc rapporté ? Mise à jour le 13/04 au mois 31 dcd depuis 2022 sur 1359 cas confirmés. ",https://www.thecable.ng/children-most-affected-ncdc-records-701-suspected-cholera-cases-in-two-months 
3/11/22,Promed,Libéria,Fièvre de Lassa,Epidémie,"jusqu’au 28/02 : 33 cas suspects, 17 confirmés, 5 décès. CFR 15%  ",http://outbreaknewstoday.com/liberia-reports-17-confirmed-lassa-fever-cases-through-february-94506/ 
3/8/22,Promed,Kenya,Fièvre jaune,Epidémie,"Le 08/03 :4 décès , 15 cas suspects",https://www.20minutes.fr/monde/3248723-20220308-kenya-quatre-personnes-mortes-fievre-jaune 
3/6/22,Promed,Centre Afrique,Variole du singe,Emergents,4 cas dont 2 décès,https://apps.who.int/iris/bitstream/handle/10665/352364/OEW10-280206032022.pdf 
3/5/22,Promed,Kenya,Fièvre jaune,Epidémie,"1er cas reportés le 12/01. Depuis + 15 personnes touchées, hommes 3 morts. ",https://www.the-star.co.ke/news/2022-03-05-kenya-reports-outbreak-of-yellow-fever/
3/4/22,Promed,Malawi,Polio sauvage,Emergents,"1 cas depuis 2017, survenu le 19/11/2021. Enfant de 5 ans à Lilonge. Paralysie flasque aigue. Séquençage identifié province de Sindh Pakistan 2020. (PVS1 ou WPV1 en anglais)",https://www.cidrap.umn.edu/news-perspective/2022/03/news-scan-mar-04-2022 
3/4/22,Promed,Libéria,Rougeole,Epidémie,322 cas suspects en cause vaccination non réalisée lors épidémie ebola 2014-2016. Augmentation cas inhabituelle. Incidence ? Augmentation de 179% même période : 1954 cas 265 confirmés. 80% des cas < 9 ans. S’étend de 3 mois à 68 ans. ,https://thenewdawnliberia.com/liberia-records-322-measles-cases/ 
3/3/22,Promed,Nigeria,Variole du singe,Emergents,"4 cas, Depuis le 01/01 au 30/04 46 cas suspects, 15 confirmés sur 7 états (entre septembre 2017 et avril 2022 -> 558 cas suspects, 241 confirmés et 8 décès (CFR 3,3%) 
Clade ? le clade du bassin du Congo CFR + important de 10 à 17%",http://outbreaknewstoday.com/nigeria-reports-4-confirmed-monkeypox-cases-in-the-first-two-months-of-2022/%3E 
2/27/22,Promed,Nigeria,Fièvre de Lassa,Emergents,"2433 cas suspects, 540 confirmés, 98 décès, CFR 18,8% ",https://bit.ly/2KTJfrL 
11/1/21,ECDC,RDC,N.meningitidis,Alerte Faible,"8,9,21 au 5,11,21 : Province de Tshopo meningite à N.meningitidis serogroupe W : 2395 cas suspecté dont 14 cas confirmes et 200 deces (CFR 8,4%)",https://www.ecdc.europa.eu/sites/default/files/documents/Communicable-disease-threats-report-week%2044-2021-allusers.pdf
11/1/21,ECDC,RDC,Ebola ,Alerte Faible,"Region Nord kivu : 8,10,21 au 30,10,21 : 11 cas ebola dont 8 cas confirmes et 9 deces. Fin de l'alerte",https://www.ecdc.europa.eu/sites/default/files/documents/Communicable-disease-threats-report-week%2046-2021.pdf
10/1/21,ncdc/promail,Nigeria,Lhassa,Alerte Moyenne,"Current week (43): 25-31 Oct 2021 / Cumulative 2021 weeks 1-43 / Cumulative 2020 weeks 1-43
- Suspected cases: 77 / 3496 / 5982
- Confirmed cases: 2 / 403 / 1119
- Probable cases: 0 / 3 / 14
- Deaths: 0 / 79 / 232
- Case fatality rate (CFR [%]): 0.0 / 19.6 / 20.7
- Number of states affected: 2 / 15 / 27
The number of new confirmed cases decreased from 8 in week 42, 2021 to 2 cases. These were reported from Ondo and Edo States",https://ncdc.gov.ng/diseases/sitreps/?cat=5&name=An%20update%20of%20Lassa%20fever%20outbreak%20in%20Nigeria
9/1/21,promed mail,Madagascar,Peste,Alerte Moyenne,"Recrudescence des formes pulmonaires (N=39) dans le cluster de septembre avec 7 décès (retard dans l'accès aux soins, région autour de la capitale). Rappel des formes cliniques pulmnaires en 2017 qui avait été l'objet d'une alerte en France",
8/1/21,CID,Madagascar,Peste,Alerte Faible,Descrption de souche de Yersinia resistante à la streptomycine (première ligne de traitement dans le pays) avec transmission inter humaine documentée (épidémie de 2013),"V Andrianaivoarimanana, et al. Transmission of Antimicrobial Resistant Yersinia pestis During a Pneumonic Plague Outbreak. Clinical Infectious Diseases, ciab606, https://doi.org/10.1093/cid/ciab606"
8/1/21,WHO,Ivory Coast,Ebola ,Alerte Moyenne,"Patiente orginaire de Guinée (région Gueckedou) voyage en car jusqu'à Abidjan (5 jours); fièvre au début du trajet avec présentation clinique associant fatigu eet gingivorrragies/diagnostic réalisé au CHU tableaeu relativemetn bénin, prescription d'Ac monoclonaux et évolution rapidement favorable…alerte OMS + 5 000 personnes vaccinés (soignants). Pas d'information sur le tracing pendant le trajet. Hospitalisée le 12/08, diagnostic le 13/8 alerte le 14/08. Le 18/08 6 cas contact proches et 131 cas contact ont éé identifié. Finalement diagnostic infirmé par le CNR de Lyon (technique différente permise par le P4)",
8/1/21,WHO,Guinée,Marburg,Alerte Moyenne,"Premier cas d'un patient dans la région de Gueckedou avec des symptômes qui apparaissent le 25 juillet  (fièvre, malaise, céphalées, gingivorragies), pris en charge dans un centre de soins rural, paludisme négatif il décède le 2 août. Diagnostic post mortem le 9 aout 170 cas contact répéré, sans cas secondaire après 21 jours de surveillance",https://www.who.int/emergencies/disease-outbreak-news/item/2021-DON331
8/1/21,promed mail,Nigeria,Monkey pox,Alerte Moyenne,"4 nouveaux patients infectés rapportés par l'agence de surveillance Nigeriane. L'agence met en avant le sous diagnostic de cette infection. On dénombre 17 cas depsui le début de l'année (sans décès). 18 états concernés (principalement dans le sud du pays) On rappelle un cas importé au US en 2019. Clinique pseudo grippale avec adénopathies et éruption caractéristique (vésiculaire), incubation moyenne de 8 jours (1-14j).",Leisha Diane Nolen et al. Extended Human-to-Human Transmission during a Monkeypox Outbreak in the Democratic Republic of the Congo. Emerg Infect Dis 2016 Jun;22(6):1014-21. doi: 10.3201/eid2206.150579.  https://promedmail.org/promed-post/?id=8567195               
7/1/21,WHO,RDC,Ebola ,Alerte Moyenne,"La République démocratique du Congo a déclaré lundi la fin d'une épidémie d'Ebola qui a infecté 12 personnes dans la province orientale du Nord-Kivu et en a tué six. L'épidémie a été contenue grâce au vaccin anti-Ebola de Merck (MRK.N), qui a été administé",
6/24/21,ECDC,Guine,Ebola ,Alerte Faible,"Du 14/02/21 au 24/06/21  :  23 cas d'ebola dont 12 dèces dans la region of Nzerekore Guiné, 5 transmission malade-soignant-fin de l'épidémie le 19.06.21
Zerekore",https://www.ecdc.europa.eu/sites/default/files/documents/Communicable-disease-threats-report-26-june-2021-public.pdf
6/24/21,Prod med,Nigeria,Lassa,Alerte Moyenne,"Epidémie annuelle Lassa au nigeria : depuis le mois de janvier 2021 à la semaine 25 (fin juin) : 2243 cas suspect- 315 confirmés-62 décas_ tx de létalité de 19,7%.",https://ncdc.gov.ng/reports/weekly
5/1/21,SPF,Réunion,Dengue,Alerte Elevée,"Du 26 avril au 2 mai, cinq décès et 1626 cas de dengue ont été confirmés. Le virus de la dengue continue de circuler à un niveau élevé. Plus de 300 passages aux urgences ont été recensés sur la semaine concernée. Depuis deux semaines, près de 30 pour cent des personnes prises en charge aux urgences sont hospitalisées par la suite. La proportion de patients affectés par une forme sévère reste supérieure aux années précédentes et se situe autour de 21 %. Depuis le  1 janvier - 11 693 cas confirmés, 352 hospitalisations, 1357 passages aux urgences, 10 décès directement liés à la dengue",https://www.lareunion.ars.sante.fr/dengue-la-reunion-vigilance-les-formes-graves-sont-en-augmentation
5/1/21,promed mail,Congo,Ebola ,Alerte Faible,"La République démocratique du Congo a déclaré lundi la fin d'une épidémie d'Ebola qui a infecté 12 personnes dans la province orientale du Nord-Kivu et en a tué six. L'épidémie a été contenue grâce au vaccin anti-Ebola de Merck (MRK.N), qui a été administré à plus de 1600 contacts et contacts de contacts des patients",
4/1/21,emerging infect dis,Nigeria,Monkey pox,Alerte Moyenne,Emergence épidémie de monckey pox dans une population urbaine de 2017-2020,"Nguyen P, Ajisegiri W, Costantino V, Chughtai AA, MacIntyre C. Reemergence of Human Monkeypox and Declining Population Immunity in the Context of Urbanization, Nigeria, 2017–2020. Emerg Infect Dis. 2021;27(4):1007-1014. https://doi.org/10.3201/eid2704.203569"
4/1/21,emerging infect dis,Liberia,pian ,Alerte Faible," confirmation de  l'endémicité et la transmission autochtone du pian au Liberia après une estimation de la charge de morbidité basée sur la population et menée par la communauté (56 825 participants). Le pian confirmé sérologiquement était rare et focal au niveau de la population (24 cas ; 2,6 [IC 95 % 1,4-3,9] cas/10 000 habitants) avec une épidémiologie clinique similaire à celle des autres pays endémiques d'Afrique de l'Ouest.  le pian était plus susceptible de se produire dans les communautés difficiles à atteindre ; la recherche de soins de santé était faible au sein des communautés, et la sensibilisation clinique au pian était faible parmi les travailleurs de la santé. Les lacunes dans la notification semblent attribuables à une épidémiologie difficile et à une faible sensibilisation à la maladie.","Timothy J, Beale MA, Rogers E, Zaizay Z, Halliday KE, Mulbah T, et al. Epidemiologic and Genomic Reidentification of Yaws, Liberia. Emerg Infect Dis. 2021;27(4):1123-1132. https://doi.org/10.3201/eid2704.204442"
4/1/21,emerging infect dis,Kenya,MERS-CoV,Alerte Moyenne,"Bien que la séroprévalence du syndrome du coronavirus respiratoire du Moyen-Orient soit élevée chez les chameaux en Afrique, les chercheurs n'ont pas détecté de transmission zoonotique au Kenya. Nous avons suivi une cohorte de 262 manipulateurs de chameaux au Kenya entre avril 2018 et mars 2020. Nous rapportons un syndrome du coronavirus respiratoire du Moyen-Orient confirmé par PCR chez 3 manutentionnaires asymptomatiques.","Munyua PM, Ngere I, Hunsperger E, Kochi A, Amoth P, Mwasi L, et al. Low-Level Middle East Respiratory Syndrome Coronavirus among Camel Handlers, Kenya, 2019. Emerg Infect Dis. 2021;27(4):1201-1205. https://doi.org/10.3201/eid2704.204458"
3/1/21,promed mail,Madagascar,Peste,Alerte Faible,"Du 1er janvier au 11 mars 2021, au moins 21 cas de peste bubonique ont été confirmés à Madagascar. Huit de ces cas ont été signalés depuis le 1er mars 2021 à Amoron'i Mania (Ambositra et Manandriana).Depuis le début de l'année [2021], 37 cas suspects ont été signalés, touchant plusieurs régions, dont Alaotra-Mangoro, Analamanga, Haute Matsiatra et Itasy. Environ 9 décès ont été associés à cette activité de la maladie. ",
7/6/20,prod med,Guine,Lassa,Alerte Moyenne,"Sud guinée : Youmou-Nzerekore : cas 1 : diagnostiqué le 8,05-deces- contact tracing 88 personnes : pas de cas secondaire. Cas 2 : diag  le 17,06- deces-contact traincg 111 personnes.",https://promedmail.org/promed-post/?id=8502148
,Promed,South Africa,Paludisme,Errance diagnostique,Neuropalu d’une fillette de 7 ans contact d’un proche venu du Mozambique,
,Promed,Madagascar,Polio dérivés vaccin,Epidémie,PDSVc1,